chain,D2,log_A
fibonacci,0.616316,-0.088283
tribonacci,0.364483,-0.393122
